{"Ubicaciones":[{"latitud":36.5031095,"longitud":-6.1428621,"matricula":"7654-KDP"},{"latitud":36.526718,"longitud":-6.2891002,"matricula":"5834-JJJ"}]}