{"Ubicaciones":[{"latitud":36.5281889,"longitud":-6.1801111111,"matricula":"7583-KLM"},{"latitud":36.529624,"longitud":-6.287789,"matricula":"0134-LDP"}]}